{"cameraMode":{"drawMode":0,"name":"Shaded","section":"Shading Mode"},"sceneLighting":true,"audioPlay":false,"sceneViewState":{"showFog":true,"showMaterialUpdate":false,"showSkybox":true,"showFlares":true,"showImageEffects":true,"showParticleSystems":true},"in2DMode":false,"pivot":{"x":376.3138427734375,"y":-412.2406311035156,"z":-22.360593795776368},"rotation":{"x":0.6697120070457459,"y":0.005562095437198877,"z":-0.005023836623877287,"w":0.7426356077194214},"size":250.16018676757813,"orthographic":true}