{"cameraMode":{"drawMode":0,"name":"Shaded","section":"Shading Mode"},"sceneLighting":false,"audioPlay":false,"sceneViewState":{"showFog":true,"showMaterialUpdate":false,"showSkybox":false,"showFlares":true,"showImageEffects":true,"showParticleSystems":true},"in2DMode":false,"pivot":{"x":68.74140930175781,"y":-17.017976760864259,"z":71.98324584960938},"rotation":{"x":-0.6471824645996094,"y":-0.001992562087252736,"z":0.0018155103316530586,"w":-0.7624654769897461},"size":237.56301879882813,"orthographic":false}