{"cameraMode":{"drawMode":0,"name":"Shaded","section":"Shading Mode"},"sceneLighting":false,"audioPlay":false,"sceneViewState":{"showFog":true,"showMaterialUpdate":false,"showSkybox":false,"showFlares":true,"showImageEffects":true,"showParticleSystems":true},"in2DMode":false,"pivot":{"x":3.180783271789551,"y":1.7802398204803467,"z":-162.61798095703126},"rotation":{"x":-0.032312776893377307,"y":0.9676806330680847,"z":-0.1748991161584854,"w":-0.1787879765033722},"size":26.847816467285158,"orthographic":false}