{"cameraMode":{"drawMode":0,"name":"Shaded","section":"Shading Mode"},"sceneLighting":false,"audioPlay":false,"sceneViewState":{"showFog":true,"showMaterialUpdate":false,"showSkybox":false,"showFlares":true,"showImageEffects":true,"showParticleSystems":true},"in2DMode":false,"pivot":{"x":353.1641845703125,"y":-0.6963373422622681,"z":-8.740165710449219},"rotation":{"x":-0.6536807417869568,"y":-0.02224062569439411,"z":0.019225645810365678,"w":-0.7562023997306824},"size":86.32886505126953,"orthographic":false}