{"cameraMode":{"drawMode":0,"name":"Shaded","section":"Shading Mode"},"sceneLighting":false,"audioPlay":false,"sceneViewState":{"showFog":true,"showMaterialUpdate":false,"showSkybox":false,"showFlares":true,"showImageEffects":true,"showParticleSystems":true},"in2DMode":false,"pivot":{"x":30.850000381469728,"y":2.1500000953674318,"z":-13.029999732971192},"rotation":{"x":-0.6949066519737244,"y":-0.004963390529155731,"z":0.004796962253749371,"w":-0.7190718054771423},"size":0.32797005772590639,"orthographic":false}