{"cameraMode":{"drawMode":0,"name":"Shaded","section":"Shading Mode"},"sceneLighting":false,"audioPlay":false,"sceneViewState":{"showFog":true,"showMaterialUpdate":false,"showSkybox":false,"showFlares":true,"showImageEffects":true,"showParticleSystems":true},"in2DMode":false,"pivot":{"x":353.11041259765627,"y":0.5375938415527344,"z":-0.28153228759765627},"rotation":{"x":-0.4185066223144531,"y":-0.029133571311831476,"z":0.013456134125590325,"w":-0.9077427387237549},"size":144.10693359375,"orthographic":false}