{"cameraMode":{"drawMode":0,"name":"Shaded","section":"Shading Mode"},"sceneLighting":false,"audioPlay":false,"sceneViewState":{"showFog":true,"showMaterialUpdate":false,"showSkybox":false,"showFlares":true,"showImageEffects":true,"showParticleSystems":true},"in2DMode":false,"pivot":{"x":-5.43519401550293,"y":-3.10469913482666,"z":-1.9817659854888917},"rotation":{"x":0.13476388156414033,"y":-0.8082314729690552,"z":0.20320270955562592,"w":0.5360289812088013},"size":18.45232391357422,"orthographic":false}