{"cameraMode":{"drawMode":0,"name":"Shaded","section":"Shading Mode"},"sceneLighting":false,"audioPlay":false,"sceneViewState":{"showFog":true,"showMaterialUpdate":false,"showSkybox":false,"showFlares":true,"showImageEffects":true,"showParticleSystems":true},"in2DMode":false,"pivot":{"x":475.1723937988281,"y":7.973752021789551,"z":-81.43351745605469},"rotation":{"x":0.6668555736541748,"y":0.025912228971719743,"z":-0.02321801148355007,"w":0.7444136738777161},"size":604.4308471679688,"orthographic":false}