{"cameraMode":{"drawMode":0,"name":"Shaded","section":"Shading Mode"},"sceneLighting":false,"audioPlay":false,"sceneViewState":{"showFog":true,"showMaterialUpdate":false,"showSkybox":false,"showFlares":true,"showImageEffects":true,"showParticleSystems":true},"in2DMode":false,"pivot":{"x":17.847227096557618,"y":7.737267971038818,"z":-128.63975524902345},"rotation":{"x":-0.025406306609511377,"y":-0.17543160915374757,"z":0.004530050791800022,"w":-0.9841590523719788},"size":21.773378372192384,"orthographic":false}