{"cameraMode":{"drawMode":0,"name":"Shaded","section":"Shading Mode"},"sceneLighting":false,"audioPlay":false,"sceneViewState":{"showFog":true,"showMaterialUpdate":false,"showSkybox":false,"showFlares":true,"showImageEffects":true,"showParticleSystems":true},"in2DMode":false,"pivot":{"x":30.728553771972658,"y":2.1014256477355959,"z":-12.99290657043457},"rotation":{"x":0.1492626965045929,"y":-0.6828153729438782,"z":0.1455385535955429,"w":0.7002312541007996},"size":0.37378746271133425,"orthographic":false}