{"cameraMode":{"drawMode":0,"name":"Shaded","section":"Shading Mode"},"sceneLighting":false,"audioPlay":false,"sceneViewState":{"showFog":true,"showMaterialUpdate":false,"showSkybox":false,"showFlares":true,"showImageEffects":true,"showParticleSystems":true},"in2DMode":false,"pivot":{"x":18.371809005737306,"y":5.942321300506592,"z":-144.58570861816407},"rotation":{"x":0.05524706840515137,"y":0.7602020502090454,"z":-0.06513409316539765,"w":0.6441039443016052},"size":15.09911060333252,"orthographic":false}