{"cameraMode":{"drawMode":0,"name":"Shaded","section":"Shading Mode"},"sceneLighting":false,"audioPlay":false,"sceneViewState":{"showFog":true,"showMaterialUpdate":false,"showSkybox":false,"showFlares":true,"showImageEffects":true,"showParticleSystems":true},"in2DMode":false,"pivot":{"x":35.88422393798828,"y":4.003314971923828,"z":-12.323266983032227},"rotation":{"x":0.15034885704517365,"y":-0.4409922957420349,"z":0.07520884275436402,"w":0.8816397786140442},"size":0.4369877576828003,"orthographic":false}